UID: 3674537,Company Name: ,Country: 
Uid,Time,Currency,Contract,Type,Direction,Quantity,Position,Filled Price,Funding,Fee Paid,Cash Flow,Change,Wallet Balance,Fee Rate,Trade ID,Order ID
3674537,2026-03-24 02:02:45,USDT,SIRENUSDT,Trade,Close Long,40.0000,2339.0000,0.93093000,0E-8,0.04096092,0.21909128,0.17813036,5373.08696672,0.00110000,9fb5c025-24ab-57be-8b62-bd2bdcab3d55,3b3336af-0088-4c59-9881-72d70954758c
3674537,2026-03-23 20:53:01,USDT,LIGHTUSDT,Trade,Open Short,69.0000,165.0000,0.37780000,0E-8,0.02867502,0E-8,-0.02867502,5363.33137650,0.00110000,72389326-3247-58b2-8a25-21319fdbcda5,9642a7e8-17cb-4182-a72d-16d714de88bd
3674537,2026-03-24 01:59:31,USDT,SIRENUSDT,Trade,Open Long,78.0000,1808.0000,0.90852000,0E-8,0.07795102,0E-8,-0.07795102,5368.64899118,0.00110000,dba1cac2-e2e0-5d38-8bcc-6bcad2f3f05b,6ce8aea2-d217-4abc-aa38-ec010921a4c3
3674537,2026-03-23 21:22:19,USDT,,Pre-deduction return,,,,,0E-8,0E-8,-0.03620000,-0.03620000,5368.83022976,0E-8,,
3674537,2026-03-24 09:07:00,USDT,DUSKUSDT,Trade,Close Short,163.0000,0.0000,0.12083000,0E-8,0.02166482,0.31948000,0.29781518,5545.65448310,0.00110000,34a19daa-028c-5776-bb09-b20198980fd7,c86c52a2-fa58-4957-bc55-2783955eaa20
3674537,2026-03-24 02:00:45,USDT,SIRENUSDT,Trade,Open Long,38.0000,2365.0000,0.84842000,0E-8,0.03546396,0E-8,-0.03546396,5368.10394344,0.00110000,3ede1407-e5ba-5c1d-81a1-014bc5f31159,d8d1c213-abe4-489a-9b37-dc8eb6980c94
3674537,2026-03-24 02:02:45,USDT,SIRENUSDT,Trade,Close Long,6.0000,2654.0000,0.92896000,0E-8,0.00613114,0.02104370,0.01491256,5372.36314250,0.00110000,b151d7b6-f07d-52f7-a8de-73f2ea193fb1,280d6f46-a7a5-4112-b0fe-be04e332d7c5
3674537,2026-03-23 22:26:58,USDT,LIGHTUSDT,Trade,Open Short,36.0000,247.0000,0.38660000,0E-8,0.01530936,0E-8,-0.01530936,5368.72516898,0.00110000,9938af8f-7368-5037-a1ce-04ec713eb705,9d1b8007-4dd2-43cf-8880-a6221aadf491
3674537,2026-03-24 02:03:24,USDT,,Pre-deduction return,,,,,0E-8,0E-8,-0.04320000,-0.04320000,5392.95775107,0E-8,,
3674537,2026-03-24 02:03:20,USDT,SIRENUSDT,Trade,Close Long,10.0000,1525.0000,0.95234000,0E-8,0.01047574,0.26887282,0.25839708,5392.04469598,0.00110000,b887c961-d1d2-5518-b2a8-01afba6db017,a22cca64-e151-41a0-a758-8b321e397a21
3674537,2026-03-24 02:03:31,USDT,,Pre-deduction return,,,,,0E-8,0E-8,-8.44240000,-8.44240000,5468.73318899,0E-8,,
3674537,2026-03-24 02:02:51,USDT,,Pre-deduction return,,,,,0E-8,0E-8,-0.01030000,-0.01030000,5374.16621722,0E-8,,
3674537,2026-03-23 21:22:15,USDT,LIGHTUSDT,Trade,Close Short,42.0000,133.0000,0.37760000,0E-8,0.01744512,0.13020000,0.11275488,5368.53917264,0.00110000,ede87991-3e66-5e4b-8250-3717f4b7c900,27a3fc8a-b76c-4a22-ac7d-5610cb0bcd3f
3674537,2026-03-24 02:20:20,USDT,SIRENUSDT,Trade,Close Short,9.0000,262.0000,1.10254000,0E-8,0.01091515,0.55872028,0.54780513,5516.74022973,0.00110000,638519e7-909f-54af-bf31-85a1884c3b41,2f88195b-740d-4033-828a-43274fbffc86
3674537,2026-03-23 22:33:17,USDT,LIGHTUSDT,Trade,Close Short,284.0000,0.0000,0.37880000,0E-8,0.11833712,2.23480000,2.11646288,5370.82589724,0.00110000,fd5370f0-3e62-564b-a908-b5f82ca71b63,c50b81c7-19dc-4585-9ce9-5ac9a156627f
3674537,2026-03-24 02:03:20,USDT,SIRENUSDT,Trade,Close Long,13.0000,1545.0000,0.95248000,0E-8,0.01362047,0.35135467,0.33773420,5391.52700281,0.00110000,2e0c0786-6f15-5061-a129-83b77c0f641d,a22cca64-e151-41a0-a758-8b321e397a21
3674537,2026-03-24 02:02:51,USDT,,Pre-deduction return,,,,,0E-8,0E-8,-0.01270000,-0.01270000,5374.71981722,0E-8,,
3674537,2026-03-23 21:22:19,USDT,,Pre-deduction return,,,,,0E-8,0E-8,-0.01830000,-0.01830000,5368.87792976,0E-8,,
3674537,2026-03-24 02:03:31,USDT,SIRENUSDT,Trade,Close Long,131.0000,1240.0000,1.02806000,0E-8,0.14814344,13.44155386,13.29341042,5407.77330764,0.00110000,b1d59af5-a49f-5edb-8997-c2e4baaf6ea8,996e99ba-30e3-4a4f-8f07-89d2f908bc09
3674537,2026-03-24 02:02:45,USDT,SIRENUSDT,Trade,Close Long,11.0000,3243.0000,0.93586000,0E-8,0.01132391,0.11448011,0.10315620,5367.51149729,0.00110000,e20c7a35-dd93-5155-a632-ab57a203ccd1,24dc874d-6427-4746-a402-a7a6033df143
3674537,2026-03-24 02:20:22,USDT,,Pre-deduction return,,,,,0E-8,0E-8,-0.74270000,-0.74270000,5519.02986948,0E-8,,
3674537,2026-03-24 02:02:51,USDT,,Pre-deduction return,,,,,0E-8,0E-8,-0.01650000,-0.01650000,5374.14971722,0E-8,,
3674537,2026-03-23 21:22:15,USDT,LIGHTUSDT,Trade,Close Short,133.0000,0.0000,0.37760000,0E-8,0.05524288,0.41230000,0.35705712,5368.89622976,0.00110000,0bb775c5-6b49-5e2f-a8ac-10a6e6a66ce8,edfa83b3-c977-4f9f-94e1-c607afd713cb
3674537,2026-03-24 19:28:49,USDT,CUSDT,Trade,Close Short,180.0000,0.0000,0.06795000,0E-8,0.01345410,0.19570000,0.18224590,5545.59625963,0.00110000,b3a4f382-7e86-5aa6-a820-9367e068a031,ffb6876c-8eb1-4bff-9337-ea59f490c647
3674537,2026-03-24 02:03:20,USDT,SIRENUSDT,Trade,Close Long,1.0000,1514.0000,0.95224000,0E-8,0.00104747,0.02678729,0.02573982,5392.32793387,0.00110000,04924d0a-763b-505d-bde5-c5a3b2622529,a22cca64-e151-41a0-a758-8b321e397a21
3674537,2026-03-23 20:53:01,USDT,LIGHTUSDT,Trade,Open Short,40.0000,205.0000,0.37780000,0E-8,0.01662320,0E-8,-0.01662320,5363.31475330,0.00110000,6d6b8e15-039e-5412-b87b-5f24155f4e04,9642a7e8-17cb-4182-a72d-16d714de88bd
3674537,2026-03-24 02:03:20,USDT,SIRENUSDT,Trade,Close Long,7.0000,1706.0000,0.95551500,0E-8,0.00735746,0.21043588,0.20307842,5376.55055915,0.00110000,d44284fe-31fb-5a78-b336-f0d10730d1a9,5d91a723-9023-4e05-a58c-9a0eab32d8d1
3674537,2026-03-24 02:02:45,USDT,SIRENUSDT,Trade,Close Long,2.0000,3231.0000,0.93528000,0E-8,0.00205762,0.01965457,0.01759695,5367.62120444,0.00110000,acf8a0a6-c03c-5197-90bb-3f7c6eaaab44,84b52831-6218-4432-b2f1-3706950e6538
3674537,2026-03-24 01:54:04,USDT,SIRENUSDT,Trade,Open Long,5.0000,6.0000,1.14918000,0E-8,0.00632049,0E-8,-0.00632049,5370.57881298,0.00110000,93247055-6a26-56a5-8817-b037f661fe6c,7c701f2c-a427-4e7e-8132-985edd7fca8b
3674537,2026-03-24 02:20:35,USDT,SIRENUSDT,Trade,Close Short,9.0000,127.0000,1.06780000,0E-8,0.01057122,0.87138028,0.86080906,5527.13766862,0.00110000,27556e58-16c6-532a-b9cf-2f0a3d11f98a,01fa8c09-043b-4490-b67a-3d12b7125758
3674537,2026-03-24 01:54:04,USDT,SIRENUSDT,Trade,Open Long,1.0000,1.0000,1.14888000,0E-8,0.00126377,0E-8,-0.00126377,5370.58513347,0.00110000,57191f55-a9aa-5923-8c3c-9f251b8859c6,7c701f2c-a427-4e7e-8132-985edd7fca8b
3674537,2026-03-24 02:20:20,USDT,SIRENUSDT,Trade,Close Short,14.0000,292.0000,1.10246000,0E-8,0.01697789,0.87024044,0.85326255,5514.91346180,0.00110000,517312f1-6f90-5d54-9c1d-0dd73444ac84,2f88195b-740d-4033-828a-43274fbffc86
3674537,2026-03-24 02:03:23,USDT,,Pre-deduction return,,,,,0E-8,0E-8,-1.41110000,-1.41110000,5393.92885107,0E-8,,
3674537,2026-03-24 02:04:39,USDT,,Pre-deduction return,,,,,0E-8,0E-8,-1.29730000,-1.29730000,5494.94599567,0E-8,,
3674537,2026-03-24 02:03:20,USDT,SIRENUSDT,Trade,Close Long,4.0000,1568.0000,0.95253000,0E-8,0.00419114,0.10830913,0.10411799,5390.92947307,0.00110000,e758d82b-6880-5dcd-973e-29cce5b418ea,a22cca64-e151-41a0-a758-8b321e397a21
3674537,2026-03-24 02:02:45,USDT,SIRENUSDT,Trade,Close Long,9.0000,2939.0000,0.93579000,0E-8,0.00926431,0.09303551,0.08377120,5370.33911493,0.00110000,3707a587-b8ab-52aa-8577-209b29443704,b69b4de4-7594-459f-8b6d-95c9c8cb93f5
3674537,2026-03-24 02:04:08,USDT,,Pre-deduction return,,,,,0E-8,0E-8,-1.05610000,-1.05610000,5476.59017984,0E-8,,
3674537,2026-03-24 02:00:45,USDT,SIRENUSDT,Trade,Open Long,88.0000,3160.0000,0.85405000,0E-8,0.08267204,0E-8,-0.08267204,5367.36112172,0.00110000,8a98397f-0040-5f74-9bab-e34f755e4741,49d1830c-04eb-43c9-8441-21a5c9bd5d22
3674537,2026-03-24 02:02:45,USDT,SIRENUSDT,Trade,Close Long,148.0000,2379.0000,0.92807000,0E-8,0.15108980,0.38735772,0.23626792,5372.90883636,0.00110000,6a41ee10-97c0-594a-b73a-02110349a1c1,6fd4ce44-b8cb-4bf8-9e16-957503c47aeb
3674537,2026-03-24 02:20:20,USDT,SIRENUSDT,Trade,Close Short,12.0000,271.0000,1.10253000,0E-8,0.01455340,0.74508038,0.73052698,5516.19242460,0.00110000,c3c8907f-43f1-57cb-b45b-75addf0b46a3,2f88195b-740d-4033-828a-43274fbffc86
3674537,2026-03-23 22:26:58,USDT,LIGHTUSDT,Trade,Open Short,196.0000,196.0000,0.38670000,0E-8,0.08337252,0E-8,-0.08337252,5368.74685724,0.00110000,9fd01de2-ece0-559e-8c43-bfb23d08239b,9d1b8007-4dd2-43cf-8880-a6221aadf491
3674537,2026-03-24 02:03:23,USDT,,Pre-deduction return,,,,,0E-8,0E-8,-0.11130000,-0.11130000,5393.48895107,0E-8,,
3674537,2026-03-24 02:03:20,USDT,SIRENUSDT,Trade,Close Long,45.0000,1403.0000,0.95110000,0E-8,0.04707945,1.15412769,1.10704824,5395.06320783,0.00110000,152f3f7f-15bf-53f4-9f11-1d7767a1fb00,20bbc179-df09-4312-8057-c59b01d5de26
3674537,2026-03-24 02:20:20,USDT,SIRENUSDT,Trade,Close Short,20.0000,212.0000,1.10278000,0E-8,0.02426116,1.23680063,1.21253947,5519.77256948,0.00110000,f060d26e-0738-5bb3-a982-eb8643d112d0,2f88195b-740d-4033-828a-43274fbffc86
3674537,2026-03-24 02:06:37,USDT,,Pre-deduction return,,,,,0E-8,0E-8,-0.61510000,-0.61510000,5513.85554795,0E-8,,
3674537,2026-03-24 09:07:05,USDT,,Pre-deduction return,,,,,0E-8,0E-8,-0.22680000,-0.22680000,5545.42768310,0E-8,,
3674537,2026-03-24 02:03:20,USDT,SIRENUSDT,Trade,Close Long,32.0000,1448.0000,0.95111000,0E-8,0.03347908,0.82103302,0.78755394,5393.95615959,0.00110000,f42e2f92-4a66-5965-9486-3ef9deb1ba5e,20bbc179-df09-4312-8057-c59b01d5de26
3674537,2026-03-23 21:13:01,USDT,LIGHTUSDT,Trade,Open Short,236.0000,236.0000,0.38070000,0E-8,0.09882972,0E-8,-0.09882972,5368.24873943,0.00110000,70cb5a78-5143-51a6-98f5-2ca45780d095,d51de750-d00a-41cd-ba8d-aa89a6ddb575
3674537,2026-03-24 02:02:51,USDT,,Pre-deduction return,,,,,0E-8,0E-8,-0.07680000,-0.07680000,5374.17651722,0E-8,,
3674537,2026-03-24 02:02:45,USDT,SIRENUSDT,Trade,Close Long,7.0000,3236.0000,0.93587000,0E-8,0.00720620,0.07292098,0.06571478,5367.57721207,0.00110000,1b98af9e-3fbd-5bdd-b5f4-40f8842007a0,84b52831-6218-4432-b2f1-3706950e6538
3674537,2026-03-24 02:08:01,USDT,SIRENUSDT,Trade,Open Short,41.0000,98.0000,1.00225000,0E-8,0.04520148,0E-8,-0.04520148,5513.74748100,0.00110000,b0b1e43d-f8ce-511f-b3ef-5bdc77dd6ce0,07452c3d-eb0c-4bc1-9a37-bca24340eae0
3674537,2026-03-24 02:03:23,USDT,,Pre-deduction return,,,,,0E-8,0E-8,-0.32860000,-0.32860000,5393.60025107,0E-8,,
3674537,2026-03-24 19:01:16,USDT,CUSDT,Trade,Open Short,50.0000,180.0000,0.06903000,0E-8,0.00379665,0E-8,-0.00379665,5545.41401373,0.00110000,94a8eccd-353c-50ad-b035-06610f503316,c607d8e8-a4f2-41f1-bb5e-bf202fbd4ed2
3674537,2026-03-24 01:59:31,USDT,SIRENUSDT,Trade,Open Long,24.0000,1832.0000,0.90865000,0E-8,0.02398836,0E-8,-0.02398836,5368.62500282,0.00110000,3ce5fa0a-61cc-57cf-a02c-e07b3a74ded1,6ce8aea2-d217-4abc-aa38-ec010921a4c3
3674537,2026-03-24 02:02:45,USDT,SIRENUSDT,Trade,Close Long,14.0000,2678.0000,0.92934000,0E-8,0.01431184,0.05442195,0.04011011,5372.29690951,0.00110000,82f6e33f-17fa-5de7-8e4e-c2fd46a5758b,280d6f46-a7a5-4112-b0fe-be04e332d7c5
3674537,2026-03-24 02:03:20,USDT,SIRENUSDT,Trade,Close Long,10.0000,1535.0000,0.95243000,0E-8,0.01047673,0.26977282,0.25929609,5391.78629890,0.00110000,b859402a-c965-53ce-99d7-3caad057af76,a22cca64-e151-41a0-a758-8b321e397a21
3674537,2026-03-24 02:14:52,USDT,SIRENUSDT,Trade,Open Short,57.0000,161.0000,1.18285000,0E-8,0.07416470,0E-8,-0.07416470,5513.66670145,0.00110000,e243e08a-b148-55b0-a807-2d6ba64c1f12,e2d4256e-0e5c-4817-9358-33c85e49fb1e
3674537,2026-03-24 19:01:16,USDT,CUSDT,Trade,Open Short,130.0000,130.0000,0.06904000,0E-8,0.00987272,0E-8,-0.00987272,5545.41781038,0.00110000,cf905d1d-99a9-5a77-be13-dd50781d10c7,c607d8e8-a4f2-41f1-bb5e-bf202fbd4ed2
3674537,2026-03-24 01:59:29,USDT,SIRENUSDT,Trade,Open Long,7.0000,1509.0000,0.90842000,0E-8,0.00699484,0E-8,-0.00699484,5368.94765208,0.00110000,18d75812-796d-5dc6-b83a-ae5a5117ed3c,e70ee7f8-7100-46ce-b857-9b0d95231c48
3674537,2026-03-23 20:53:01,USDT,LIGHTUSDT,Trade,Open Short,40.0000,245.0000,0.37780000,0E-8,0.01662320,0E-8,-0.01662320,5363.29813010,0.00110000,7a598952-b512-52bc-a17b-9d5b8105ac0d,9642a7e8-17cb-4182-a72d-16d714de88bd
3674537,2026-03-24 02:02:51,USDT,,Pre-deduction return,,,,,0E-8,0E-8,-0.00350000,-0.00350000,5374.73251722,0E-8,,
3674537,2026-03-23 21:22:15,USDT,LIGHTUSDT,Trade,Close Short,40.0000,179.0000,0.37740000,0E-8,0.01660560,0.13200000,0.11539440,5368.41487832,0.00110000,83c10c35-ebab-583e-b5b5-454a82656181,8af14dfc-291f-4aa7-8ea0-6551d5650506
3674537,2026-03-24 02:14:52,USDT,SIRENUSDT,Trade,Open Short,34.0000,195.0000,1.18275000,0E-8,0.04423485,0E-8,-0.04423485,5513.62246660,0.00110000,19b82a22-a9cb-5326-8926-3783e0a06a9a,e2d4256e-0e5c-4817-9358-33c85e49fb1e
3674537,2026-03-23 21:22:15,USDT,LIGHTUSDT,Trade,Close Short,4.0000,175.0000,0.37740000,0E-8,0.00166056,0.01320000,0.01153944,5368.42641776,0.00110000,3b3fed62-d33c-55c5-8c3a-389ea13fa012,8af14dfc-291f-4aa7-8ea0-6551d5650506
3674537,2026-03-24 02:00:45,USDT,SIRENUSDT,Trade,Open Long,41.0000,2406.0000,0.84842000,0E-8,0.03826375,0E-8,-0.03826375,5368.06567969,0.00110000,f70045bd-ed7e-5d0b-896b-6d4fc0c81a5b,d8d1c213-abe4-489a-9b37-dc8eb6980c94
3674537,2026-03-24 02:03:31,USDT,SIRENUSDT,Trade,Close Long,536.0000,444.0000,1.01597026,0E-8,0.59901611,48.51740422,47.91838811,5478.93568899,0.00110000,a9e002f5-8354-5ca5-8f83-38a989f2fc8e,2146b784-f0ca-43ab-9456-fb26c4711723
3674537,2026-03-24 02:03:31,USDT,SIRENUSDT,Trade,Close Long,15.0000,1240.0000,1.02806000,0E-8,0.01696298,1.53910913,1.52214615,5394.47989722,0.00110000,b1d59af5-a49f-5edb-8997-c2e4baaf6ea8,cdeeea59-68bb-42e5-83ea-88428d1cb86d
3674537,2026-03-24 02:50:16,USDT,SIRENUSDT,Trade,Open Short,26.0000,26.0000,0.99112000,0E-8,0.02834604,0E-8,-0.02834604,5543.37085686,0.00110000,fd3e60f7-cdc3-54a2-9d40-510fce4795cc,06dd42a4-337c-49de-8731-f40ea472a9a1
3674537,2026-03-23 22:33:19,USDT,,Pre-deduction return,,,,,0E-8,0E-8,-0.23950000,-0.23950000,5370.58639724,0E-8,,
3674537,2026-03-24 19:28:50,USDT,,Pre-deduction return,,,,,0E-8,0E-8,-0.02030000,-0.02030000,5545.57595963,0E-8,,
3674537,2026-03-24 01:59:31,USDT,SIRENUSDT,Trade,Open Long,13.0000,2084.0000,0.91664000,0E-8,0.01310796,0E-8,-0.01310796,5368.37149985,0.00110000,f30ac40e-9830-5c75-8a07-7a059845400b,8c95b070-419b-4952-9245-6950cb86158a
3674537,2026-03-24 02:04:28,USDT,SIRENUSDT,Trade,Close Long,77.0000,222.0000,1.01580099,0E-8,0.08603834,6.95681695,6.87077861,5483.46095845,0.00110000,bac765f4-e931-5e41-b073-61b880e6bb43,f6a561dd-57df-4b9b-a24d-8ad8a9868937
3674537,2026-03-24 01:55:46,USDT,SIRENUSDT,Trade,Open Long,78.0000,319.0000,1.03039000,0E-8,0.08840747,0E-8,-0.08840747,5370.20709904,0.00110000,7ffd191e-377f-5004-8b8f-40c011252bb6,68f3b988-67de-4fac-a86c-ec4bdbe06695
3674537,2026-03-24 01:59:31,USDT,SIRENUSDT,Trade,Open Long,53.0000,1917.0000,0.91381000,0E-8,0.05327513,0E-8,-0.05327513,5368.53974321,0.00110000,34184fd2-f5e5-5bb8-a615-e3c69fe9fd30,8c95b070-419b-4952-9245-6950cb86158a
3674537,2026-03-24 09:07:00,USDT,DUSKUSDT,Trade,Close Short,433.0000,408.0000,0.12083000,0E-8,0.05755133,0.84868000,0.79112867,5544.90903161,0.00110000,150e9866-85f2-566b-be95-7777a21fb98c,c86c52a2-fa58-4957-bc55-2783955eaa20
3674537,2026-03-24 01:59:31,USDT,SIRENUSDT,Trade,Open Long,127.0000,1730.0000,0.90807000,0E-8,0.12685738,0E-8,-0.12685738,5368.72694220,0.00110000,2017103e-44f0-5a11-8533-bcfbc8c3c7dd,6ce8aea2-d217-4abc-aa38-ec010921a4c3
3674537,2026-03-24 02:00:45,USDT,SIRENUSDT,Trade,Open Long,107.0000,2263.0000,0.84821000,0E-8,0.09983432,0E-8,-0.09983432,5368.19912209,0.00110000,4e60d5d0-ab77-5de2-b204-1db6c6a05340,d8d1c213-abe4-489a-9b37-dc8eb6980c94
3674537,2026-03-24 01:59:31,USDT,SIRENUSDT,Trade,Open Long,80.0000,1596.0000,0.90770000,0E-8,0.07987760,0E-8,-0.07987760,5368.86078988,0.00110000,d0d073f5-3a3e-58f3-a0ff-f93346207ace,6ce8aea2-d217-4abc-aa38-ec010921a4c3
3674537,2026-03-24 02:03:22,USDT,,Pre-deduction return,,,,,0E-8,0E-8,-0.10060000,-0.10060000,5395.33995107,0E-8,,
3674537,2026-03-24 02:02:51,USDT,,Pre-deduction return,,,,,0E-8,0E-8,-0.15300000,-0.15300000,5374.25331722,0E-8,,
3674537,2026-03-24 02:03:20,USDT,SIRENUSDT,Trade,Close Long,30.0000,1480.0000,0.95110000,0E-8,0.03138630,0.76941846,0.73803216,5393.16860565,0.00110000,2260a939-e451-50af-bfe9-0f7222dad080,73a42bba-7858-4db3-9af5-6f3c7758e2bd
3674537,2026-03-24 09:07:00,USDT,DUSKUSDT,Trade,Close Short,245.0000,163.0000,0.12083000,0E-8,0.03256369,0.48020000,0.44763631,5545.35666792,0.00110000,54346a50-9bca-50a2-8724-91205717f096,c86c52a2-fa58-4957-bc55-2783955eaa20
3674537,2026-03-24 01:55:46,USDT,SIRENUSDT,Trade,Open Long,29.0000,241.0000,1.03036000,0E-8,0.03286849,0E-8,-0.03286849,5370.29550651,0.00110000,4b315a6d-dc3d-5239-90a5-80eabd0cee58,68f3b988-67de-4fac-a86c-ec4bdbe06695
3674537,2026-03-24 01:59:31,USDT,SIRENUSDT,Trade,Open Long,2.0000,2099.0000,0.91665000,0E-8,0.00201663,0E-8,-0.00201663,5368.35637526,0.00110000,b74278e0-feef-512a-b4ba-b7d80f005c03,8c95b070-419b-4952-9245-6950cb86158a
3674537,2026-03-24 01:55:34,USDT,SIRENUSDT,Trade,Open Long,44.0000,150.0000,1.06284000,0E-8,0.05144146,0E-8,-0.05144146,5370.40086137,0.00110000,180ad213-5062-518e-ba54-17595528d2ba,afef0975-b5a5-4b69-bb33-d9a6f7174e0d
3674537,2026-03-24 02:18:17,USDT,SIRENUSDT,Trade,Open Short,107.0000,316.0000,1.30439000,0E-8,0.15352671,0E-8,-0.15352671,5513.45072600,0.00110000,419f1b59-0cb4-5758-8694-ed572f2d2d4e,bf717593-bd8e-43fc-b7d3-acac6949ac56
3674537,2026-03-24 02:03:20,USDT,SIRENUSDT,Trade,Close Long,26.0000,2126.0000,0.95975000,0E-8,0.02744885,0.89172933,0.86428048,5374.83889770,0.00110000,a4009dbc-f3c2-579e-a4ad-3cea73bb3e03,2b4b6346-690b-4456-b6cb-4144f7ee870a
3674537,2026-03-24 02:02:45,USDT,SIRENUSDT,Trade,Close Long,17.0000,2661.0000,0.92934000,0E-8,0.01737866,0.06608380,0.04870514,5372.34561465,0.00110000,33f661c1-f788-5132-a526-5efff8430e67,280d6f46-a7a5-4112-b0fe-be04e332d7c5
3674537,2026-03-24 02:06:34,USDT,SIRENUSDT,Trade,Close Short,6.0000,99.0000,0.92986000,0E-8,0.00613708,0.30612000,0.29998292,5509.53160144,0.00110000,90fdb0f3-c753-569c-a922-f34b9d0bfa92,750075bb-7030-4db9-938e-ee70eb31db61
3674537,2026-03-24 02:02:45,USDT,SIRENUSDT,Trade,Close Long,10.0000,2746.0000,0.93016000,0E-8,0.01023176,0.04707282,0.03684106,5372.08442840,0.00110000,e0cf30cd-db6b-5783-a801-43b8a378e2ca,280d6f46-a7a5-4112-b0fe-be04e332d7c5
3674537,2026-03-24 01:59:31,USDT,SIRENUSDT,Trade,Open Long,7.0000,1516.0000,0.90709000,0E-8,0.00698460,0E-8,-0.00698460,5368.94066748,0.00110000,3082bc01-09cb-58e8-938a-9c2eacf7188d,2302f38d-0dd7-4a6b-b462-5481b4a08257
3674537,2026-03-24 02:02:45,USDT,SIRENUSDT,Trade,Close Long,1.0000,2660.0000,0.92909000,0E-8,0.00102200,0.00363729,0.00261529,5372.34822994,0.00110000,2495930c-d741-5d22-a9e0-09a7222c6933,280d6f46-a7a5-4112-b0fe-be04e332d7c5
3674537,2026-03-24 02:03:20,USDT,SIRENUSDT,Trade,Close Long,10.0000,1558.0000,0.95248000,0E-8,0.01047728,0.27027282,0.25979554,5391.18926861,0.00110000,942cfc36-84c5-5c9a-a771-c5ffea21b4c4,a22cca64-e151-41a0-a758-8b321e397a21
3674537,2026-03-24 02:00:45,USDT,SIRENUSDT,Trade,Open Long,520.0000,3011.0000,0.84843000,0E-8,0.48530196,0E-8,-0.48530196,5367.50104952,0.00110000,22bf3cd3-4504-535c-bd0d-ed09b79ccac7,d8d1c213-abe4-489a-9b37-dc8eb6980c94
3674537,2026-03-24 01:59:31,USDT,SIRENUSDT,Trade,Open Long,35.0000,2134.0000,0.91356000,0E-8,0.03517206,0E-8,-0.03517206,5368.32120320,0.00110000,103123c2-37b5-5358-b0bd-40d96e807ee2,b71ac77b-39c0-4d7b-ab74-6daaf420a6cd
3674537,2026-03-24 02:02:45,USDT,SIRENUSDT,Trade,Close Long,5.0000,3259.0000,0.93971000,0E-8,0.00516841,0.07128641,0.06611800,5367.35880483,0.00110000,d05e1c1d-b678-58a7-9753-5e0fa2e375d2,e54e79f4-406a-4f16-b0d5-3755558b28b4
3674537,2026-03-24 02:06:12,USDT,SIRENUSDT,Trade,Open Short,105.0000,105.0000,0.98088000,0E-8,0.11329164,0E-8,-0.11329164,5509.23161852,0.00110000,140710f2-30a0-5c25-87b6-6f46c901c344,7d13be4a-8693-425c-bc08-812be02742af
3674537,2026-03-23 22:26:58,USDT,LIGHTUSDT,Trade,Open Short,3.0000,284.0000,0.38660000,0E-8,0.00127578,0E-8,-0.00127578,5368.70943436,0.00110000,69c5cef9-cc77-53a2-a9e8-fa6d7bbf0d7b,9d1b8007-4dd2-43cf-8880-a6221aadf491
3674537,2026-03-23 20:53:01,USDT,LIGHTUSDT,Trade,Open Short,132.0000,377.0000,0.37780000,0E-8,0.05485656,0E-8,-0.05485656,5363.24327354,0.00110000,10083410-fff9-561b-a58e-ee416352d3d3,9642a7e8-17cb-4182-a72d-16d714de88bd
3674537,2026-03-24 02:03:20,USDT,SIRENUSDT,Trade,Close Long,11.0000,1392.0000,0.94930000,0E-8,0.01148653,0.26232010,0.25083357,5395.31404140,0.00110000,498605ad-e670-5fa8-96e3-b830012b87e6,e6409831-c091-47a0-817d-fa900cde57b5
3674537,2026-03-24 02:03:24,USDT,,Pre-deduction return,,,,,0E-8,0E-8,-0.21800000,-0.21800000,5393.00095107,0E-8,,
3674537,2026-03-24 02:06:34,USDT,SIRENUSDT,Trade,Close Short,23.0000,76.0000,0.92996000,0E-8,0.02352799,1.17116000,1.14763201,5510.67923345,0.00110000,ae8f7990-f722-5110-b3c0-c583ef445653,750075bb-7030-4db9-938e-ee70eb31db61
3674537,2026-03-24 01:54:04,USDT,SIRENUSDT,Trade,Open Long,5.0000,11.0000,1.15010000,0E-8,0.00632555,0E-8,-0.00632555,5370.57248743,0.00110000,417793a3-216f-5d64-97d2-566d97217946,7c701f2c-a427-4e7e-8132-985edd7fca8b
3674537,2026-03-24 02:20:37,USDT,,Pre-deduction return,,,,,0E-8,0E-8,-0.85800000,-0.85800000,5528.19257765,0E-8,,
3674537,2026-03-23 20:36:26,USDT,,Transferred in,,,,,0E-8,0E-8,5363.40000000,5363.40000000,5363.40000000,0E-8,,
3674537,2026-03-24 02:05:13,USDT,,Pre-deduction return,,,,,0E-8,0E-8,-1.94810000,-1.94810000,5509.34491016,0E-8,,
3674537,2026-03-24 02:02:45,USDT,SIRENUSDT,Trade,Close Long,6.0000,2723.0000,0.92976000,0E-8,0.00613642,0.02584370,0.01970728,5372.16558679,0.00110000,7fe996c2-9869-53c7-bfe0-6b585d8f17b2,280d6f46-a7a5-4112-b0fe-be04e332d7c5
3674537,2026-03-23 20:58:23,USDT,LIGHTUSDT,Trade,Close Short,281.0000,0.0000,0.36220000,0E-8,0.11195601,4.41937718,4.30742117,5369.02226915,0.00110000,8da040d9-7237-59c0-b024-467df4af2e77,f9831a7d-0edb-4b91-8cc1-566fdc6ad66d
3674537,2026-03-24 02:03:31,USDT,,Pre-deduction return,,,,,0E-8,0E-8,-1.76010000,-1.76010000,5477.17558899,0E-8,,
3674537,2026-03-24 02:03:20,USDT,SIRENUSDT,Trade,Close Long,361.0000,1706.0000,0.95551500,0E-8,0.37943500,10.85248363,10.47304863,5387.02360778,0.00110000,d44284fe-31fb-5a78-b336-f0d10730d1a9,7eb187e0-a4b5-4f41-9e11-fa531c18798c
3674537,2026-03-23 22:26:58,USDT,LIGHTUSDT,Trade,Open Short,15.0000,211.0000,0.38660000,0E-8,0.00637890,0E-8,-0.00637890,5368.74047834,0.00110000,c8483aa8-60d0-5460-bfcb-6c72e71ba2cc,9d1b8007-4dd2-43cf-8880-a6221aadf491
3674537,2026-03-24 02:04:07,USDT,SIRENUSDT,Trade,Close Long,13.0000,431.0000,1.00749000,0E-8,0.01440711,1.06648467,1.05207756,5469.78526655,0.00110000,0c8866fa-bcea-5ce3-bea4-48339b7c4a0c,086a9bdf-63e8-4bce-b3dc-4cb342f376cb
3674537,2026-03-24 02:02:45,USDT,SIRENUSDT,Trade,Close Long,107.0000,2939.0000,0.93579000,0E-8,0.11014248,1.10608914,0.99594666,5369.25939707,0.00110000,3707a587-b8ab-52aa-8577-209b29443704,ac0fbe2d-5205-4947-babf-fdf58711dde4
3674537,2026-03-24 02:03:20,USDT,SIRENUSDT,Trade,Close Long,10.0000,1515.0000,0.95225000,0E-8,0.01047475,0.26797282,0.25749807,5392.30219405,0.00110000,45da0a8f-4ee2-5f3d-b923-7e12ea70cd80,a22cca64-e151-41a0-a758-8b321e397a21
3674537,2026-03-24 02:22:08,USDT,,Pre-deduction return,,,,,0E-8,0E-8,-2.09980000,-2.09980000,5543.39920290,0E-8,,
3674537,2026-03-24 02:14:52,USDT,SIRENUSDT,Trade,Open Short,14.0000,209.0000,1.18272000,0E-8,0.01821389,0E-8,-0.01821389,5513.60425271,0.00110000,4bb955ec-c870-5801-90a7-332021f77f67,e2d4256e-0e5c-4817-9358-33c85e49fb1e
3674537,2026-03-23 22:26:58,USDT,LIGHTUSDT,Trade,Open Short,34.0000,281.0000,0.38660000,0E-8,0.01445884,0E-8,-0.01445884,5368.71071014,0.00110000,42f94e4b-9415-5580-985b-bf3370aee9ba,9d1b8007-4dd2-43cf-8880-a6221aadf491
3674537,2026-03-24 02:20:37,USDT,,Pre-deduction return,,,,,0E-8,0E-8,-0.32840000,-0.32840000,5527.86417765,0E-8,,
3674537,2026-03-24 02:02:45,USDT,SIRENUSDT,Trade,Close Long,6.0000,2730.0000,0.93009000,0E-8,0.00613860,0.02782370,0.02168510,5372.14245511,0.00110000,a6420867-3d09-575f-84f0-525ddef2282c,280d6f46-a7a5-4112-b0fe-be04e332d7c5
3674537,2026-03-24 02:02:45,USDT,SIRENUSDT,Trade,Close Long,3.0000,2651.0000,0.92895000,0E-8,0.00306554,0.01049185,0.00742631,5372.37056881,0.00110000,e0182e3e-1364-5381-a5a3-06c51d0e7b02,280d6f46-a7a5-4112-b0fe-be04e332d7c5
3674537,2026-03-24 02:03:31,USDT,SIRENUSDT,Trade,Close Long,218.0000,444.0000,1.01597026,0E-8,0.24362968,19.73282448,19.48919480,5427.26250244,0.00110000,a9e002f5-8354-5ca5-8f83-38a989f2fc8e,ab939c58-a97e-4dea-b8e2-e546ec65ec44
3674537,2026-03-24 02:20:20,USDT,SIRENUSDT,Trade,Close Short,15.0000,232.0000,1.10278000,0E-8,0.01819587,0.92760047,0.90940460,5518.56003001,0.00110000,ed32a39f-21af-5663-b8c7-8a6db0b2dc78,2f88195b-740d-4033-828a-43274fbffc86
3674537,2026-03-24 02:52:42,USDT,SIRENUSDT,Trade,Close Short,3.0000,23.0000,0.97278000,0E-8,0.00321018,0.05502000,0.05180982,5543.42266668,0.00110000,3ca3a26c-054c-5f90-b880-989baedb3b59,bd4afa4a-4570-41b8-8963-1c3fc885b6fc
3674537,2026-03-24 02:02:45,USDT,SIRENUSDT,Trade,Close Long,69.0000,2939.0000,0.93579000,0E-8,0.07102645,0.71327242,0.64224597,5368.26345041,0.00110000,3707a587-b8ab-52aa-8577-209b29443704,310506b5-fc9b-4741-b37b-0b324ea2604e
3674537,2026-03-24 02:03:23,USDT,,Pre-deduction return,,,,,0E-8,0E-8,-0.18510000,-0.18510000,5393.30385107,0E-8,,
3674537,2026-03-24 02:04:07,USDT,SIRENUSDT,Trade,Close Long,53.0000,333.0000,1.00677000,0E-8,0.05869470,4.30981593,4.25112123,5477.64627984,0.00110000,c17992f3-008e-5727-b5b0-266d05957301,086a9bdf-63e8-4bce-b3dc-4cb342f376cb
3674537,2026-03-24 02:02:45,USDT,SIRENUSDT,Trade,Close Long,5.0000,3254.0000,0.93639000,0E-8,0.00515015,0.05468641,0.04953626,5367.40834109,0.00110000,907e6639-eaf1-57fd-96e2-c3fdb61ae43d,e54e79f4-406a-4f16-b0d5-3755558b28b4
3674537,2026-03-24 02:03:20,USDT,SIRENUSDT,Trade,Close Long,98.0000,1608.0000,0.95546000,0E-8,0.10299859,2.94071363,2.83771504,5389.86132282,0.00110000,7c347826-9cab-501a-92c6-e8ae8f281c45,5a7116c3-0d66-458c-af40-00bda33b55d3
3674537,2026-03-24 02:20:20,USDT,SIRENUSDT,Trade,Close Short,6.0000,247.0000,1.10275000,0E-8,0.00727815,0.37122019,0.36394204,5517.65062541,0.00110000,7bb3d3c9-088b-5d9a-9daa-7e67fdb8b5df,2f88195b-740d-4033-828a-43274fbffc86
3674537,2026-03-24 02:04:07,USDT,SIRENUSDT,Trade,Close Long,45.0000,386.0000,1.00678000,0E-8,0.04983561,3.65972767,3.60989206,5473.39515861,0.00110000,c9ecfc06-a392-53a2-8645-8e0d86398742,086a9bdf-63e8-4bce-b3dc-4cb342f376cb
3674537,2026-03-24 02:00:45,USDT,SIRENUSDT,Trade,Open Long,107.0000,3267.0000,0.85407000,0E-8,0.10052404,0E-8,-0.10052404,5367.26059768,0.00110000,ab511415-2ddd-52c2-9f9e-954fcbd747c0,49d1830c-04eb-43c9-8441-21a5c9bd5d22
3674537,2026-03-24 02:02:45,USDT,SIRENUSDT,Trade,Close Long,23.0000,2766.0000,0.93030000,0E-8,0.02353659,0.11148749,0.08795090,5372.01024683,0.00110000,2220fd17-5c8d-5577-b4c5-2ddd3650a28f,280d6f46-a7a5-4112-b0fe-be04e332d7c5
3674537,2026-03-24 02:04:28,USDT,SIRENUSDT,Trade,Close Long,34.0000,222.0000,1.01580099,0E-8,0.03799095,3.07184120,3.03385025,5486.49480870,0.00110000,bac765f4-e931-5e41-b073-61b880e6bb43,593d6c16-8d74-4c5b-82d1-544c485c63d3
3674537,2026-03-24 02:02:51,USDT,,Pre-deduction return,,,,,0E-8,0E-8,-0.01170000,-0.01170000,5374.69701722,0E-8,,
3674537,2026-03-24 02:00:45,USDT,SIRENUSDT,Trade,Open Long,61.0000,3072.0000,0.85329000,0E-8,0.05725576,0E-8,-0.05725576,5367.44379376,0.00110000,93fffd46-ba09-5313-8c73-67582d243793,49d1830c-04eb-43c9-8441-21a5c9bd5d22
3674537,2026-03-24 01:59:31,USDT,SIRENUSDT,Trade,Open Long,32.0000,1864.0000,0.90865000,0E-8,0.03198448,0E-8,-0.03198448,5368.59301834,0.00110000,1f531727-de04-586c-a07d-1200b7053d8e,6ce8aea2-d217-4abc-aa38-ec010921a4c3
3674537,2026-03-24 02:05:12,USDT,SIRENUSDT,Trade,Close Long,58.0000,17.0000,1.07392000,0E-8,0.06851610,8.61110232,8.54258622,5508.79159600,0.00110000,2168c005-42df-57d5-b891-abf1de8e6e19,4e921b01-9d80-4e3d-9ce4-eb88d371f38a
3674537,2026-03-24 02:03:31,USDT,SIRENUSDT,Trade,Close Long,42.0000,444.0000,1.01597026,0E-8,0.04693782,3.80173626,3.75479844,5431.01730088,0.00110000,a9e002f5-8354-5ca5-8f83-38a989f2fc8e,e00f2428-2b41-41b3-9fe7-14c12bd71bc2
3674537,2026-03-24 02:02:45,USDT,SIRENUSDT,Trade,Close Long,17.0000,2789.0000,0.93669000,0E-8,0.01751611,0.19103380,0.17351769,5371.92229593,0.00110000,dd2ab251-0590-51ab-a2fb-b5b4ea1bcfd9,280d6f46-a7a5-4112-b0fe-be04e332d7c5
3674537,2026-03-24 02:05:12,USDT,SIRENUSDT,Trade,Close Long,36.0000,75.0000,1.07394000,0E-8,0.04252803,5.34554214,5.30301411,5500.24900978,0.00110000,bb462b8c-e779-5c9f-b662-238b15a41df5,4e921b01-9d80-4e3d-9ce4-eb88d371f38a
3674537,2026-03-24 02:08:01,USDT,SIRENUSDT,Trade,Open Short,6.0000,104.0000,1.00225000,0E-8,0.00661485,0E-8,-0.00661485,5513.74086615,0.00110000,2088027a-7d77-55bd-9bcd-e9f613e4bf75,07452c3d-eb0c-4bc1-9a37-bca24340eae0
3674537,2026-03-24 02:02:45,USDT,SIRENUSDT,Trade,Close Long,187.0000,2152.0000,0.93530000,0E-8,0.19239121,1.84144171,1.64905050,5374.73601722,0.00110000,07dba275-afc3-56aa-9274-ec8bac1818b8,23a514d1-95ed-4e0e-8f7f-4f3435855d99
3674537,2026-03-24 02:20:35,USDT,SIRENUSDT,Trade,Close Short,20.0000,107.0000,1.06780000,0E-8,0.02349160,1.93640063,1.91290903,5529.05057765,0.00110000,44da623c-2a61-53ec-a2df-d1a24b2f9cb9,01fa8c09-043b-4490-b67a-3d12b7125758
3674537,2026-03-24 02:03:20,USDT,SIRENUSDT,Trade,Close Long,36.0000,1572.0000,0.95328000,0E-8,0.03774989,1.00178215,0.96403226,5390.82535508,0.00110000,dff253fa-4a6f-541e-8d35-52eccd5e4892,33a3c302-76aa-4ce4-8151-abf3360c9232
3674537,2026-03-24 01:54:04,USDT,SIRENUSDT,Trade,Open Long,94.0000,105.0000,1.15102000,0E-8,0.11901547,0E-8,-0.11901547,5370.45347196,0.00110000,e012720c-4ac2-552d-b563-a8bf98f70675,7c701f2c-a427-4e7e-8132-985edd7fca8b
3674537,2026-03-24 02:02:45,USDT,SIRENUSDT,Trade,Close Long,19.0000,2692.0000,0.92934000,0E-8,0.01942321,0.07385836,0.05443515,5372.25679940,0.00110000,8ef6b7cc-8904-595c-b2fe-c8c77de63004,280d6f46-a7a5-4112-b0fe-be04e332d7c5
3674537,2026-03-24 02:20:35,USDT,SIRENUSDT,Trade,Close Short,76.0000,136.0000,1.06809000,0E-8,0.08929233,7.33628241,7.24699008,5526.27685956,0.00110000,7e216a53-78ad-565a-a5e8-c9b786249d4e,d230e74e-3e9c-4c44-8928-e66bdcd11c34
3674537,2026-03-24 01:59:31,USDT,SIRENUSDT,Trade,Open Long,7.0000,2141.0000,0.91740000,0E-8,0.00706398,0E-8,-0.00706398,5368.31413922,0.00110000,dbc7f33a-de82-5849-b143-66b213542d0f,b71ac77b-39c0-4d7b-ab74-6daaf420a6cd
3674537,2026-03-24 01:55:34,USDT,SIRENUSDT,Trade,Open Long,1.0000,106.0000,1.06284000,0E-8,0.00116913,0E-8,-0.00116913,5370.45230283,0.00110000,a4a7a7bd-5ad1-5e8a-8275-d77c231e73d1,afef0975-b5a5-4b69-bb33-d9a6f7174e0d
3674537,2026-03-24 02:02:51,USDT,,Pre-deduction return,,,,,0E-8,0E-8,-0.29070000,-0.29070000,5374.40631722,0E-8,,
3674537,2026-03-24 02:04:36,USDT,SIRENUSDT,Trade,Close Long,111.0000,111.0000,1.02499000,0E-8,0.12515128,11.04863825,10.92348697,5496.24329567,0.00110000,e0e87a76-a4db-55f9-90d4-17d814b66047,ca764e84-75f3-4f05-a4e0-ac90a3c0c60c
3674537,2026-03-24 02:22:06,USDT,SIRENUSDT,Trade,Close Short,107.0000,0.0000,0.99871000,0E-8,0.11754817,17.75237342,17.63482525,5545.49900290,0.00110000,02a79f22-d67b-57b0-a3c8-27659e1a9d80,6d9bea3b-2a81-495c-bad5-7a11fc38ac0f
3674537,2026-03-24 01:56:38,USDT,SIRENUSDT,Trade,Open Long,1076.0000,1502.0000,0.96094000,0E-8,1.13736859,0E-8,-1.13736859,5368.95464692,0.00110000,3e36a02a-095e-5c31-bfb4-7137505e7a45,f5bdde0d-ffad-4ad6-b1fd-05587445d2ff
3674537,2026-03-24 09:07:00,USDT,DUSKUSDT,Trade,Close Short,274.0000,841.0000,0.12082000,0E-8,0.03641515,0.53978000,0.50336485,5544.11790294,0.00110000,d1e442f1-55c7-5162-9f6b-c50626429ce3,c86c52a2-fa58-4957-bc55-2783955eaa20
3674537,2026-03-24 01:55:53,USDT,SIRENUSDT,Trade,Open Long,107.0000,426.0000,0.97777000,0E-8,0.11508353,0E-8,-0.11508353,5370.09201551,0.00110000,52768c5f-5015-5462-b8fa-abe0a8e2e47c,8e42717f-65a6-45ac-8f92-50f641e26fce
3674537,2026-03-24 02:02:45,USDT,SIRENUSDT,Trade,Close Long,35.0000,2806.0000,0.93708248,0E-8,0.03607767,0.40704170,0.37096403,5371.74877824,0.00110000,da2baf44-fcf5-5165-ae1c-8d5bb7ec243f,deb17c80-0576-4ce1-a4ce-ec9b28c0ddc0
3674537,2026-03-23 21:22:19,USDT,,Pre-deduction return,,,,,0E-8,0E-8,-0.01150000,-0.01150000,5368.86642976,0E-8,,
3674537,2026-03-24 02:08:01,USDT,SIRENUSDT,Trade,Open Short,45.0000,45.0000,1.00274000,0E-8,0.04963563,0E-8,-0.04963563,5513.80591232,0.00110000,ff592ed8-514b-51f0-8bbc-afcdf43e789a,07452c3d-eb0c-4bc1-9a37-bca24340eae0
3674537,2026-03-23 20:53:01,USDT,LIGHTUSDT,Trade,Open Short,96.0000,96.0000,0.37830000,0E-8,0.03994848,0E-8,-0.03994848,5363.36005152,0.00110000,e1f8a7b1-da71-52c3-a345-b301e085ddba,5df5687e-9f63-4de4-ab1f-e1b801ea1317
3674537,2026-03-24 02:02:45,USDT,SIRENUSDT,Trade,Close Long,10.0000,2736.0000,0.93011000,0E-8,0.01023121,0.04657282,0.03634161,5372.12077001,0.00110000,f0581438-cc95-5df4-b6f4-b7b44107f8ea,280d6f46-a7a5-4112-b0fe-be04e332d7c5
3674537,2026-03-24 01:55:34,USDT,SIRENUSDT,Trade,Open Long,62.0000,212.0000,1.06285000,0E-8,0.07248637,0E-8,-0.07248637,5370.32837500,0.00110000,cf19264d-9b17-5641-8ad5-015006976740,afef0975-b5a5-4b69-bb33-d9a6f7174e0d
3674537,2026-03-24 02:00:45,USDT,SIRENUSDT,Trade,Open Long,64.0000,2327.0000,0.84822000,0E-8,0.05971469,0E-8,-0.05971469,5368.13940740,0.00110000,4d362a9f-6a36-5e7e-972f-db3843e1852e,d8d1c213-abe4-489a-9b37-dc8eb6980c94
3674537,2026-03-24 01:59:31,USDT,SIRENUSDT,Trade,Open Long,85.0000,2055.0000,0.91659000,0E-8,0.08570117,0E-8,-0.08570117,5368.40074068,0.00110000,54d8dd1a-74aa-5b11-9c90-7d91be7b9cbe,8c95b070-419b-4952-9245-6950cb86158a
3674537,2026-03-24 02:02:45,USDT,SIRENUSDT,Trade,Close Long,10.0000,2756.0000,0.93021000,0E-8,0.01023231,0.04757282,0.03734051,5372.04758734,0.00110000,2935123b-3ffc-5e72-8b20-96104b0ca3ea,280d6f46-a7a5-4112-b0fe-be04e332d7c5
3674537,2026-03-24 02:00:45,USDT,SIRENUSDT,Trade,Open Long,85.0000,2491.0000,0.84843000,0E-8,0.07932821,0E-8,-0.07932821,5367.98635148,0.00110000,45e97efd-1022-53ed-9d94-aee9a5f36a3d,d8d1c213-abe4-489a-9b37-dc8eb6980c94
3674537,2026-03-24 01:59:31,USDT,SIRENUSDT,Trade,Open Long,53.0000,1970.0000,0.91426000,0E-8,0.05330136,0E-8,-0.05330136,5368.48644185,0.00110000,3f018734-e520-5658-9b7a-d84c38d3bd4e,8c95b070-419b-4952-9245-6950cb86158a
3674537,2026-03-24 02:04:30,USDT,,Pre-deduction return,,,,,0E-8,0E-8,-1.17500000,-1.17500000,5485.31980870,0E-8,,
3674537,2026-03-24 02:05:12,USDT,SIRENUSDT,Trade,Close Long,1.0000,16.0000,1.07387000,0E-8,0.00118126,0.14841729,0.14723603,5508.93883203,0.00110000,595c6ca7-72f7-568f-b08b-7ddb12d3d022,4e921b01-9d80-4e3d-9ce4-eb88d371f38a
3674537,2026-03-24 09:02:39,USDT,DUSKUSDT,Trade,Open Short,1115.0000,1115.0000,0.12279000,0E-8,0.15060194,0E-8,-0.15060194,5543.61453809,0.00110000,4aa25c75-4455-5073-8897-5ceafd8d70cf,345028c2-d4d6-4ccf-89e2-93d3602f1a47
3674537,2026-03-24 02:02:51,USDT,,Pre-deduction return,,,,,0E-8,0E-8,-0.01110000,-0.01110000,5374.70871722,0E-8,,
3674537,2026-03-23 21:22:15,USDT,LIGHTUSDT,Trade,Close Short,17.0000,219.0000,0.37730000,0E-8,0.00705551,0.05780000,0.05074449,5368.29948392,0.00110000,9d2c2308-fb9c-50ae-b590-a7d284838b24,8af14dfc-291f-4aa7-8ea0-6551d5650506
3674537,2026-03-24 02:02:45,USDT,SIRENUSDT,Trade,Close Long,124.0000,2527.0000,0.92891000,0E-8,0.12670333,0.42870296,0.30199963,5372.67256844,0.00110000,a3c1171f-1c41-5f0d-851b-4228aaed44f0,280d6f46-a7a5-4112-b0fe-be04e332d7c5
3674537,2026-03-24 02:02:45,USDT,SIRENUSDT,Trade,Close Long,3.0000,3264.0000,0.93718000,0E-8,0.00309270,0.03518185,0.03208915,5367.29268683,0.00110000,52b5ac9c-4d60-5d19-b488-334723aec0cf,7cb2fd27-c321-4fdd-ac29-cdafab859888
3674537,2026-03-24 02:02:45,USDT,SIRENUSDT,Trade,Close Long,98.0000,2806.0000,0.93708248,0E-8,0.10101750,1.13971678,1.03869928,5371.37781421,0.00110000,da2baf44-fcf5-5165-ae1c-8d5bb7ec243f,70f15b95-b3aa-4d29-95b9-6fcacd6e5f60
3674537,2026-03-24 02:02:45,USDT,SIRENUSDT,Trade,Close Long,3.0000,3233.0000,0.93528000,0E-8,0.00308643,0.02948185,0.02639542,5367.60360749,0.00110000,9f9078bd-8fcc-5bf7-9308-484f9486631a,84b52831-6218-4432-b2f1-3706950e6538
3674537,2026-03-24 02:02:45,USDT,SIRENUSDT,Trade,Close Long,107.0000,2939.0000,0.93579000,0E-8,0.11014248,1.10608914,0.99594666,5370.25534373,0.00110000,3707a587-b8ab-52aa-8577-209b29443704,95085099-592d-4a1b-aafc-7640c02fc5d9
3674537,2026-03-24 02:03:20,USDT,SIRENUSDT,Trade,Close Long,6.0000,1386.0000,0.94758000,0E-8,0.00625403,0.13276370,0.12650967,5395.44055107,0.00110000,7f0acc1a-4e59-5dce-b647-61f99a3ac104,e6409831-c091-47a0-817d-fa900cde57b5
3674537,2026-03-24 02:20:20,USDT,SIRENUSDT,Trade,Close Short,10.0000,306.0000,1.10246000,0E-8,0.01212706,0.62160031,0.60947325,5514.06019925,0.00110000,5caf4a93-ece8-51a9-98b9-04f5c8e10123,2f88195b-740d-4033-828a-43274fbffc86
3674537,2026-03-24 02:02:45,USDT,SIRENUSDT,Trade,Close Long,1.0000,2729.0000,0.92990000,0E-8,0.00102289,0.00444729,0.00342440,5372.14587951,0.00110000,c398994c-0fbe-5069-a68e-9721853a99c9,280d6f46-a7a5-4112-b0fe-be04e332d7c5
3674537,2026-03-24 02:03:23,USDT,,Pre-deduction return,,,,,0E-8,0E-8,-0.08490000,-0.08490000,5393.21895107,0E-8,,
3674537,2026-03-24 02:03:20,USDT,SIRENUSDT,Trade,Close Long,4.0000,1510.0000,0.95216000,0E-8,0.00418951,0.10682913,0.10263962,5392.43057349,0.00110000,1d7aeca1-337a-54a4-9351-26e32a6c443b,a22cca64-e151-41a0-a758-8b321e397a21
3674537,2026-03-24 02:20:20,USDT,SIRENUSDT,Trade,Close Short,9.0000,253.0000,1.10269000,0E-8,0.01091664,0.55737028,0.54645364,5517.28668337,0.00110000,b1d0ba65-2ea3-5600-b7d9-f533b7372102,2f88195b-740d-4033-828a-43274fbffc86
3674537,2026-03-24 02:02:45,USDT,SIRENUSDT,Trade,Close Long,12.0000,2711.0000,0.92954000,0E-8,0.01226993,0.04904739,0.03677746,5372.20236425,0.00110000,902ef624-a805-55c7-971c-d06b6ec7c0ef,280d6f46-a7a5-4112-b0fe-be04e332d7c5
3674537,2026-03-24 01:59:31,USDT,SIRENUSDT,Trade,Open Long,15.0000,2156.0000,0.92017000,0E-8,0.01518281,0E-8,-0.01518281,5368.29895641,0.00110000,b4cdd05f-539c-5b1c-b7b8-471657bb0b81,0b1a3c4b-dd2e-484a-8823-ad3bf6a40d5d
3674537,2026-03-24 02:06:34,USDT,SIRENUSDT,Trade,Close Short,76.0000,0.0000,0.92997000,0E-8,0.07774550,3.86916000,3.79141450,5514.47064795,0.00110000,2ad14a65-29a1-5a02-ad53-1a09a6de9fda,750075bb-7030-4db9-938e-ee70eb31db61
3674537,2026-03-23 20:58:26,USDT,,Pre-deduction return,,,,,0E-8,0E-8,-0.67470000,-0.67470000,5368.34756915,0E-8,,
3674537,2026-03-24 02:52:44,USDT,,Pre-deduction return,,,,,0E-8,0E-8,-0.04990000,-0.04990000,5543.76514003,0E-8,,
3674537,2026-03-23 20:58:23,USDT,LIGHTUSDT,Trade,Close Short,96.0000,0.0000,0.36220000,0E-8,0.03824831,1.50982275,1.47157444,5364.71484798,0.00110000,8da040d9-7237-59c0-b024-467df4af2e77,5cf32444-22af-41d5-b0ce-9a80411466a3
3674537,2026-03-24 02:20:20,USDT,SIRENUSDT,Trade,Close Short,9.0000,283.0000,1.10247000,0E-8,0.01091446,0.55935028,0.54843582,5515.46189762,0.00110000,7d7485ce-a7da-590f-a5ce-30cadc6c02d8,2f88195b-740d-4033-828a-43274fbffc86
3674537,2026-03-24 02:08:01,USDT,SIRENUSDT,Trade,Open Short,12.0000,57.0000,1.00226000,0E-8,0.01322984,0E-8,-0.01322984,5513.79268248,0.00110000,affc1e1e-c95a-544b-83b6-7f326af00d03,07452c3d-eb0c-4bc1-9a37-bca24340eae0
3674537,2026-03-24 02:03:20,USDT,SIRENUSDT,Trade,Close Long,45.0000,1706.0000,0.95551500,0E-8,0.04729798,1.35280259,1.30550461,5376.34748073,0.00110000,d44284fe-31fb-5a78-b336-f0d10730d1a9,232b193d-14bb-472f-8cd8-b99c40688fb7
3674537,2026-03-24 01:59:31,USDT,SIRENUSDT,Trade,Open Long,16.0000,2071.0000,0.91664000,0E-8,0.01613287,0E-8,-0.01613287,5368.38460781,0.00110000,3d8c067a-9dad-5776-8d13-a873e3f16e83,8c95b070-419b-4952-9245-6950cb86158a
3674537,2026-03-24 02:03:20,USDT,SIRENUSDT,Trade,Close Long,7.0000,1706.0000,0.95551500,0E-8,0.00735746,0.21043588,0.20307842,5375.04197612,0.00110000,d44284fe-31fb-5a78-b336-f0d10730d1a9,076cb4b0-4740-4546-9bc2-04b2e2143dcc
3674537,2026-03-24 02:52:42,USDT,SIRENUSDT,Trade,Close Short,23.0000,0.0000,0.97299000,0E-8,0.02461665,0.41699000,0.39237335,5543.81504003,0.00110000,87a1a843-0072-5da1-bd02-b4a7184ad80e,bd4afa4a-4570-41b8-8963-1c3fc885b6fc
3674537,2026-03-24 02:02:51,USDT,,Pre-deduction return,,,,,0E-8,0E-8,-0.17510000,-0.17510000,5373.97461722,0E-8,,
3674537,2026-03-24 02:05:12,USDT,SIRENUSDT,Trade,Close Long,16.0000,0.0000,1.07377000,0E-8,0.01889836,2.37307649,2.35417813,5511.29301016,0.00110000,614a73b7-05df-5450-b26e-fb89c5ce826e,4e921b01-9d80-4e3d-9ce4-eb88d371f38a
3674537,2026-03-24 01:59:31,USDT,SIRENUSDT,Trade,Open Long,13.0000,2097.0000,0.91664000,0E-8,0.01310796,0E-8,-0.01310796,5368.35839189,0.00110000,ef822fdd-9a8c-53bb-ae90-5c250019235b,8c95b070-419b-4952-9245-6950cb86158a
3674537,2026-03-24 01:59:31,USDT,SIRENUSDT,Trade,Open Long,7.0000,1603.0000,0.90783000,0E-8,0.00699030,0E-8,-0.00699030,5368.85379958,0.00110000,52adc0af-9c8c-5f58-a9e1-382d4cdd66fc,6ce8aea2-d217-4abc-aa38-ec010921a4c3
